oz1,oz2,oz3,oz4,oz5,label
-0.917226,-0.48146475,-0.90733472,-0.39908015,1.4857331,1.2274608
-1.0905658,-0.57518529,-0.20285262,0.74938973,-0.81986468,0.70641676
0.87694645,0.2474801,-0.29957438,-0.090048604,-1.5540891,-1.4869701
-0.50999522,0.092276135,0.94884305,1.0008067,1.0603257,1.092014
-0.70332836,-1.3641611,-0.77320993,-1.5918648,0.46372202,0.055479594
0.89355039,0.35935387,1.2361664,1.4576182,-0.072889058,-1.183211
0.27191055,-0.40158216,0.31927863,0.72665449,-0.4636344,0.83845154
1.4700197,1.5368583,2.6006939,1.5750987,1.6042091,1.7648222
0.98552728,1.2002404,2.4209082,1.1329592,-1.4123674,-0.80903584
-0.36117468,-0.47112523,0.80842637,1.0444954,-0.24283247,0.93254492
-1.5211289,-1.0715432,-0.93207672,-0.64652471,1.2104098,0.42153976
-0.84416781,-0.88839241,-0.74460529,-0.21887364,-0.380689,0.48042104
-1.7972154,-1.3297917,-1.1076495,1.1950369,1.1566531,0.79863626
-0.10301471,0.558646,0.83191868,0.49712976,-0.94026551,-0.50540562
1.0416599,0.18731302,0.85658426,1.2491795,0.42780233,-0.91132285
0.87567514,1.5928066,0.72225084,-0.6248728,-0.5268929,-0.71467117
-0.049020701,-0.030260732,-0.19197198,-0.44280475,1.0838346,0.70838321
0.059218279,-0.63623986,0.11793917,0.54300747,-1.0030968,0.83143195
-0.27555942,0.3868521,0.53805194,0.66069821,-0.18463581,0.24975036
0.42365156,0.53493361,1.1167845,1.0964731,1.6240134,-0.77174066
-1.4864739,-1.7233983,-1.1660784,-0.39475207,0.15199276,0.0126204
-0.50284183,-0.23082139,-0.021248851,-0.16473633,-0.63145026,0.66747311
0.50779901,0.80012199,-0.10962986,-0.52471527,-0.7137527,-2.1648297
-0.1998258,-0.35400008,-0.22128027,0.75237414,-1.5947457,0.8359454
-0.42595648,-1.1373371,-2.1019771,-0.10199185,1.6899917,2.0007912
0.61062636,0.97402164,-0.45211381,-0.99490252,-0.97576958,-2.057036
1.6832193,1.5373747,2.6251309,0.92972129,0.27062362,1.5045336
1.9687146,1.1224765,2.1844135,1.1480059,1.3919758,1.7345601
-0.86004386,-0.82567429,-0.59114252,0.62385813,-1.351005,0.59292026
1.0042709,0.57581283,1.4496942,1.3759094,-1.3910993,-1.6956975
1.1901203,0.88764379,-1.4067367,-1.7645474,-0.31455309,-1.1646413
0.77159663,1.3767304,1.1647749,0.77746042,1.304356,-0.95536519
-1.1583736,-0.5009109,0.21392133,0.19538198,-0.46118379,0.3840854
-1.1090657,-1.7277042,-0.28486281,-0.087257576,-1.6223214,-0.79201902
-0.38669712,-1.6070372,-0.99102617,0.41289863,0.68900658,0.61114388
-0.098645493,0.5658997,0.66115099,0.34431253,0.16956496,-0.5150653
-0.055713804,0.16018067,1.223856,1.4484007,-0.14547391,0.49209551
-0.28963435,0.47369778,0.80892285,0.37931885,-0.62809177,0.07734932
0.15439236,-0.46997408,-0.93318301,-0.5808836,-0.9191075,0.78388943
-0.11530566,-0.79441679,-0.56609094,-0.26649538,-1.4786896,0.71754901
0.62649335,0.8870259,1.038057,0.098113636,1.1169908,-1.5727133
0.24093054,0.92683447,1.2762915,0.97922667,-1.038771,-1.5958956
1.1615579,1.2056943,2.5552687,1.2921561,-1.3267045,-0.14268285
0.97592594,0.67137871,0.37868327,-0.31063102,-0.76550654,-2.1770714
-0.97438416,-1.1483621,-0.6213511,0.9553128,-0.78260922,0.64743828
-0.72527974,-0.72877304,-0.26297912,0.98336287,1.2764275,1.1046497
0.31718237,-0.34114086,-0.4750165,-0.95064219,-1.1302488,0.16532279
0.26605834,0.098657089,-0.7996098,-0.601596,-1.1522867,-0.23261507
0.023658802,-0.5207884,-0.33562561,-1.3291888,0.86209519,0.48052954
0.98447976,0.51772203,0.23352856,-0.61834173,-1.6003839,-2.2130158
0.87562101,0.15972291,0.19504525,0.52271785,-1.0820106,-1.2256509
-0.5541222,-0.96200821,-1.2610101,-1.5383424,-0.23804622,0.58554806
0.45578476,1.0920127,2.379009,1.094877,0.25704913,-1.2029242
-2.0623851,-1.7342613,-0.90709266,0.18164748,1.1972373,0.43539594
-0.3307688,-0.25695676,0.57185442,0.95951522,-0.79348124,0.67023071
-0.61643733,-0.87410832,-0.29319055,1.259018,-0.74642428,0.89361841
1.6283267,1.5117727,0.26279911,-0.91974588,-1.218903,0.16972359
0.90461798,0.39900757,0.60818797,0.42001432,-1.0627164,-1.701776
1.3980793,0.82362632,1.8549444,1.6486077,-1.1619212,-0.93831327
-0.57013514,-0.54335356,-0.44071828,0.67718813,0.62934632,1.2937478
-0.2442495,-0.2383713,0.70734471,1.1115285,0.57936103,1.1981597
-0.24519218,0.64561914,0.51542013,-0.050182097,-0.89976753,-0.57643754
-0.88147702,-1.6463036,-1.343278,-0.96313788,-0.63425649,-0.23924994
0.16326502,-0.60350406,-0.6746124,-0.37518105,-1.4064864,0.66960721
0.54891166,1.4590935,2.675499,1.0913431,-0.51485137,-0.76026735
1.4517443,1.3836843,1.16398,-0.014968248,-0.33361227,0.4715231
0.9907328,0.7488118,-0.14837556,-0.55200458,-0.53203997,-1.7879703
1.1262636,0.49014829,0.80421372,1.1295547,-0.27761998,-1.5571231
-0.3463391,0.010928441,-0.32154796,0.039287343,0.78034102,0.95706982
1.7043201,0.92718151,0.20702355,0.049707257,-1.1669988,-0.48015674
-1.4991279,-1.734375,-0.66689769,-0.11544052,0.52081833,0.051935185
-1.3351649,-0.64058508,-0.91932601,0.24066018,-0.41610873,0.70846074
-0.95504498,-1.6410478,-0.92259843,-0.96754006,-1.5149883,-0.45888113
0.25353395,0.38965812,-0.93768673,-0.20142454,-1.6750696,-0.55470042
-1.1006258,-1.2282727,-1.4092659,0.59438225,-1.4090858,0.79031084
-0.98421172,-1.6129143,-0.0072811567,-0.78216139,-0.2934541,-0.7672385
-1.7851927,-1.7435918,-0.653518,1.0961195,-0.25569343,0.21185113
1.4077148,1.5415169,0.83330932,0.20616378,-1.3516149,0.16379777
-0.14097739,0.62356491,0.36569027,-0.19291863,-1.5032531,-0.8758401
-0.20620878,-0.61648164,-1.0979334,-1.3815872,0.5453215,0.89873263
0.36625497,0.45206959,0.73817965,0.83769074,-0.16577507,-1.1726649
-0.84102798,-0.96151739,-0.96157173,-1.521542,1.5431978,0.50496599
0.31783666,0.28085138,0.17346159,0.77503811,-0.49882926,-0.4161811
1.4319106,1.4188318,1.2813135,0.40684754,-0.92758959,0.28333875
-0.022676802,0.37340214,1.8217274,1.7860209,0.98002361,0.88912717
1.4208149,1.5806288,0.65927078,0.29365209,1.1812196,1.0618847
0.48487575,1.3539376,0.80257522,-0.51464926,-0.76074955,-2.1029541
-0.03539488,0.13564786,2.2977402,1.6791627,-0.25577361,0.8521047
-1.2076056,-1.3043464,-1.4337635,-1.3973034,-0.9323456,-0.013073179
0.65190393,0.12814087,-0.56731191,-0.32137467,1.3260319,-0.29452527
-1.2255899,-0.88460344,0.0029154164,1.6213804,0.30941632,0.95839583
-0.066662808,-0.74411761,-0.38293206,-1.5284296,-1.2139224,0.34717733
-0.30611021,-0.58258274,-0.45813373,-0.89997743,-1.1547513,0.64937235
-0.8101772,-0.20042962,0.03691514,0.23314378,-0.99535218,0.55850219
0.0031301071,0.0030482113,-0.13137769,0.72250294,-1.4099753,0.37377333
0.6444949,0.20819905,0.96200709,1.0059498,-0.83579119,-0.67212449
0.38328677,0.85269517,0.69673691,0.14526277,0.99629674,-1.3193462
1.6773343,1.5512912,0.22042353,-0.44122937,1.6264822,1.145824
-1.3074603,-0.56196296,-0.37983105,0.082821972,-1.5804796,0.59089232
1.4159932,0.86043064,1.1154595,-0.33199628,-0.16243348,-1.2947335
1.1952548,1.4184726,1.4095553,0.67577486,-1.1974833,-0.28073086
0.83121163,1.1421366,0.49561875,-0.87388983,0.40551748,-1.6021433
0.26480155,-0.32699069,-0.28255762,0.021256527,1.5389519,1.0176278
-0.31456282,-0.053284244,0.42148776,0.74975129,0.27701611,0.9686808
1.4087889,0.48498251,2.0859203,1.6797203,-1.5934277,-1.4564574
-0.010632226,-0.35184227,-0.35595669,-0.63758417,-0.94445004,0.68825077
-0.36597935,-0.5235507,0.081572653,1.6082767,-0.39481588,1.2834499
1.8720281,1.4097943,0.95607174,-0.076047604,0.6169222,0.73350256
0.44075055,0.40712624,0.87230751,1.3985235,-1.4860217,-0.90663867
-1.6911459,-1.5090068,-1.0810713,0.078077276,0.099165829,0.34600922
1.509271,1.6640083,-0.27558578,-1.3737418,0.45153034,0.33748806
-1.0314363,-1.1647863,-1.2744503,1.0672931,0.54136613,1.299294
0.27604304,0.8042785,-0.6189645,-1.2983681,-0.25613417,-1.7688792
0.98449639,1.3498039,-1.2287213,-1.7080832,-0.64922935,-0.77323881
-0.24454538,0.16712162,0.68322651,1.6114799,-1.0905941,0.8155351
-1.5832413,-1.3252637,-0.98636648,-0.39041062,1.5902976,0.14987417
0.83516334,0.1374689,-1.3000659,-1.0994405,-0.91260939,-0.8720427
-0.70238854,-1.3813155,-0.51049239,1.7541607,-0.99415867,0.60600141
-1.9406197,-1.4897541,-0.49022125,1.6535079,-1.0027036,0.28174984
-0.62387957,0.57288956,-0.14882055,-1.4944693,0.90572481,0.23873806
-1.1342019,-0.8891192,-1.5156807,-1.6698965,0.21439615,0.44358869
0.038790882,-0.48172019,-0.075238461,1.3579534,-0.47306279,1.1681355
1.3122154,1.4770199,0.27661463,-0.99422658,1.7050542,0.20837516
-0.39598229,-0.93797273,-1.3376471,-1.6427096,0.41680856,0.76080815
-1.0259998,-0.92430675,-0.7507201,0.69162633,-0.67958301,0.99699226
-0.77717844,-0.65072424,-0.31017364,-0.49229175,-0.26299176,0.47122204
-0.3022994,0.050964316,-0.55800179,-0.47232601,0.99146759,0.88037168
-0.42550732,0.20518963,0.97303102,0.64944522,1.6412753,1.0732403
-0.39224559,-0.47772037,-0.34071575,0.080613035,-0.33258453,0.76985193
-0.12063162,0.56611895,-1.2158225,-1.5496083,0.68778023,-0.0032287546
0.67564443,0.18806604,-0.41736002,-1.536379,-0.35017931,-1.2776864
-1.7140642,-1.6318122,-1.2841339,1.0276421,0.29907711,0.62825125
-0.015164579,0.34404973,1.092876,0.83031819,1.516629,0.33348683
0.12654972,0.042676101,-1.733602,-1.7726892,0.33301266,0.81018874
-1.5502736,-1.2719999,-0.54238784,0.05750851,0.80997637,-0.055170185
0.11393828,0.41823132,0.32194,-0.12234445,0.65038799,-0.29481776
-1.8648551,-1.4249222,-1.670867,-0.89692428,0.84383795,0.39654153
1.2734648,1.1046529,-0.5728929,-0.7058891,-0.19103784,-0.67589081
-0.36522901,0.33400094,1.2556968,1.7906904,-1.4644594,0.343605
-0.90279727,0.077997006,-0.57548673,-0.85312276,-0.57237974,0.84543818
-0.54842827,-0.6202783,-0.325045,0.29698919,-1.2447773,0.7477954
-0.74401444,-1.446092,-2.018014,-1.2854372,-0.79100768,0.68088774
1.6224257,1.5181,0.94869038,0.21616143,0.27013554,0.93472661
-1.4250489,-1.0457353,-0.58148726,-0.81604281,-0.049480918,-0.20440419
1.8228058,1.5117031,1.9578795,1.4938494,-0.68782027,0.9876572
1.2362823,0.31629378,-1.0169342,-0.16803672,1.3906814,-1.212889
0.026813294,0.6575752,0.40514711,0.80228725,-0.049866417,-0.49531657
-0.54083742,-1.155868,-1.037366,-0.83789268,-1.5203126,0.2322314
1.337703,0.85816124,0.87479916,-0.046262817,-0.64119846,-1.6810343
0.11579305,0.75596432,-1.0423253,-1.5195157,0.2975059,-1.1244362
0.4343293,1.0394324,0.47363226,-0.41097139,-1.3089326,-2.3925455
-0.10920153,-0.81382735,-0.7766418,0.92726988,0.54487211,1.6964612
-0.79799148,-1.4729815,-0.67601585,-0.15619703,0.724385,0.27074634
-0.42146524,-1.4700683,-0.51283184,1.509244,1.5864872,1.115191
-1.9317444,-1.6863351,-0.62213944,-1.6829036,1.4541865,-0.34023923
1.525815,1.3344836,2.6706192,1.0801583,0.16865468,1.2973795
-1.1249529,-1.4442913,-0.65742123,0.50140492,0.15628514,0.10459712
-1.3832619,-1.6981824,-0.078437144,-1.0767193,-0.12580648,-0.83306289
0.84784606,0.47508676,-0.22412975,-1.0827608,0.31658763,-2.0227061
-1.3120356,-1.0757062,-0.79841979,0.035249132,-0.12587466,0.36803967
1.1581739,1.1394255,-0.72873225,-0.68675249,0.85652395,-0.60416273
0.071659526,-0.30064314,0.024889877,-0.33260212,0.31061307,0.64001092
-0.98666944,-1.6394702,-0.78894999,-0.89568897,-0.8380541,-0.33018908
-0.26749194,-0.62984312,-0.55260813,-0.6471628,1.5234112,1.0662359
-0.24864738,-0.83886345,-0.45612246,-0.96540474,-0.19785727,0.31298738
0.25404169,-0.1780636,-0.15512916,-0.069394241,0.086911312,0.36444827
-1.0191998,-0.44272199,0.23922642,0.91363868,0.52531758,1.1780992
0.19299347,-0.38402846,0.19049521,1.1033845,0.57063199,1.0634269
0.92855029,0.81500117,-0.18436292,0.020906915,-0.35788736,-1.7829792
-0.24195713,-0.072830488,0.20525007,0.84892407,0.061340961,1.1238932
-0.011390424,-0.096889459,0.022943111,0.78824218,-0.44398381,0.62934144
0.17113329,-0.56098896,-0.077636001,0.049603781,1.0742308,1.04136
0.64403034,1.1649735,-0.49318407,-1.5262609,1.0023098,-1.7291122
0.85778439,0.80122419,-0.13302134,0.10962717,-0.37949765,-1.521445
0.67078692,0.47669651,1.1248852,0.7046566,-0.99646347,-1.5282417
-0.28774612,0.07615451,0.39538639,0.75770775,0.15755631,0.95311292
1.1127976,0.74494285,-0.085742159,-1.7628004,1.0117858,-2.123191
0.81582634,1.1212396,2.0633805,0.89295694,1.2536157,-0.95657493
0.42617561,0.065808776,0.63260786,1.3795517,1.6108095,0.20442057
-0.24840302,-0.13343936,0.54210307,-0.29639157,0.7192271,0.68005454
0.58494319,1.0646661,1.7455397,1.0231869,1.2700818,-0.94792432
-0.2880022,-0.3630006,-0.28280481,0.049494857,1.3101469,1.1821135
-0.21473019,-0.81700097,-0.38470899,-0.44949619,0.71761989,0.9854069
0.13953717,-0.69958934,-0.52183232,0.85447375,-1.6575607,1.1441564
0.85596091,1.1869389,1.6156452,1.1443362,-0.79984608,-1.0313342
0.30739602,-0.26632909,-0.47413537,-0.75798651,-0.095367283,0.23438331
0.64628925,0.95232073,-0.18466765,-1.2726949,0.55646123,-1.971173
0.41318769,0.42531081,-0.16996931,-0.40350993,-1.6328268,-1.2913163
0.31301605,-0.43543678,0.082798462,1.1447873,-1.6784829,0.84163412
-0.014410907,-0.019825991,0.49502411,0.56857307,-0.52676796,0.23564179
1.2451481,0.77813767,1.3219793,0.90294541,0.082141746,-1.2004217
1.297095,1.3511072,0.50736735,-0.94612512,-0.64652136,-0.61950473
1.6535294,1.4831363,0.78677777,0.096509062,0.69096616,0.73379574
-1.2819583,-1.5994926,-1.338111,-1.7624709,-1.0255145,-0.20798363
-0.23976084,0.20551151,1.0454198,1.2376852,1.5001703,0.84656656
-0.88036408,-0.25842243,-1.0879328,-0.97138686,0.29928411,0.89207356
0.7417605,1.5516516,1.1165167,-0.053717053,0.13283009,-0.82922714
-0.17430644,0.32835801,-0.15863925,-0.45053452,0.44019088,0.19191186
-0.38860302,-0.90361234,-0.48136394,-0.3997624,0.59010046,0.75605941
1.0960665,0.78413388,0.61911208,-0.20865674,-1.0781523,-1.9850263
-0.030090839,-0.38318795,-0.71210694,-1.041483,1.1648012,0.9407316
1.3666302,0.67703037,0.95153377,0.22237137,-0.89418446,-1.7312339
1.1896388,1.2833863,1.1744489,0.60853844,-0.90900714,-0.21596446
-2.0891322,-1.2662423,-0.76773985,-1.0700805,0.30282588,-0.30757884
0.024483084,0.16414657,0.8634605,1.743156,-0.75880526,0.40507658
-1.9107936,-1.2051826,-0.64206843,-1.6688927,-0.47363164,-0.79088623
0.68703784,0.23268067,0.31597532,-0.16227151,-1.4143406,-1.3275081
1.6917464,1.2735156,1.2838227,0.00054695359,0.81757454,0.79705003
-1.5427102,-1.2729835,-0.21507353,1.1182308,0.074691004,0.29302321
0.26926025,0.87312063,1.8359456,1.5981484,-0.42704993,-1.2112358
-1.2747852,-1.6699123,-0.91933605,0.85922041,1.4919577,0.56034186
0.91522894,1.0115831,1.2731137,0.89493029,0.38829525,-1.3934403
-0.86744548,-1.3823881,-0.90833245,1.3738083,-1.1831106,0.51826481
0.94012589,0.95411502,1.9887072,0.66505198,-0.49034803,-1.4005693
-1.4655927,-1.6127983,-1.2522741,-0.98650957,-1.0867718,-0.34372224
0.45474427,0.64693782,-0.65989956,-0.16538762,0.69307736,-1.0180735
0.22945674,-0.29511512,-0.37403243,-1.4984275,1.2160353,0.48121349
0.30654359,0.61676769,0.26149011,-0.49294456,0.92524598,-1.3660402
1.0799063,1.5087969,-0.58827697,-1.2716849,1.02153,-0.057217768
0.25251412,0.72260848,1.9989835,1.4251113,-1.5060036,-0.94800741
-0.71068609,-1.5485711,-0.96331354,0.86734414,-0.69127283,0.40984736
0.68475202,0.44534034,-0.31346637,-1.323376,-0.13542665,-1.5734883
1.5792947,1.1170226,-0.21336115,-0.51969876,-0.31639891,-0.31336324
-0.043325081,-0.27656928,-0.39880913,-0.1532244,-1.3558788,0.62136806
-1.3102708,-1.3903987,-1.1564262,1.0183513,-0.22630876,0.77960958
1.0410831,0.95948161,-0.90276553,-1.5264213,0.82528191,-1.3966235
-1.2434558,-1.1658818,0.49684226,1.265632,-1.5463416,0.22995997
0.94875093,0.90003354,0.24386718,-1.2666772,0.41282929,-2.0304652
-0.28748062,0.15898017,0.30622684,-0.77601391,0.36424302,0.12628566
1.049745,0.49540973,0.68697352,0.6269782,-0.81159581,-1.907088
-0.33115187,-0.48779564,-0.16113091,0.34306177,-1.5533175,0.91824716
-1.3923928,-1.7130898,-0.51575984,-1.7638177,0.48860599,-0.52501116
0.89501688,1.0716899,0.84703774,0.070868171,-1.5771352,-1.9193897
0.41344015,0.12069382,0.7445952,1.7449403,-0.67471958,-0.010544482
-1.693406,-1.0043398,-0.7829344,-1.0704092,-0.65128345,-0.58828083
-1.3014225,-1.2882691,-1.0450511,0.21914663,-0.18949921,0.6886744
0.7096219,0.51388539,0.3958178,0.14891942,0.88723064,-1.4749634
1.6774442,1.4853122,0.72660462,-0.19450095,0.09450445,0.70936694
0.040972293,-0.40414727,-0.75917254,-0.52820208,-0.06342473,1.2510419
0.2073515,-0.36703964,-1.0002234,-0.25710036,1.4643851,1.479271
0.73668912,0.34580403,0.73785484,1.4448153,-0.70914535,-1.2475172
0.50523962,0.871936,1.8766285,1.7815184,-1.2360012,-1.3870478
1.901038,1.5194054,1.3428904,0.93658982,-0.29572167,0.97721378
0.50332704,0.22684407,0.091872487,0.14437167,1.5325193,-0.12246025
-1.059739,-0.80047218,-0.92569592,-1.0378022,-0.34442478,0.30282447
-0.54628297,-0.61373041,0.30510523,0.44067516,0.71526642,0.98411192
-1.9593126,-1.3221205,-0.57247629,-0.80075045,-0.65270975,-0.39516139
-1.0102489,-1.6425133,-0.86228647,0.19963112,0.31353083,0.22579426
0.66440847,0.16802094,0.7757616,1.2860213,-0.76595171,-0.61771479
0.92356262,0.51699895,1.8248363,1.7207505,-0.51243286,-1.3477041
-1.5888337,-1.6366288,-1.5294851,-1.7433339,-1.0210811,-0.61116236
-0.28261621,-0.84773633,-0.53654558,1.2879334,-0.71055431,1.3756658
-1.2813741,-1.4903839,-1.35003,0.46248418,1.1760472,0.76239356
-1.4665184,-0.73189554,0.073329954,0.91978426,-0.92363788,0.20248241
-1.7780854,-1.5343134,-0.82214443,-0.83524773,-0.56220068,-0.41497829
-0.74069595,-1.3419227,-0.80212412,0.087152158,-1.6590899,0.21477427
1.2030062,1.2754083,1.3964325,-0.22880487,1.3677309,-0.26315868
1.390927,1.3836781,1.378908,0.61800947,1.132056,0.43796528
-1.2441697,-1.1286535,-0.22574629,-0.85786857,1.1855811,0.17713704
-1.5929094,-1.5504587,-0.70251562,-0.49785727,0.32279845,-0.16546666
-1.2919328,-1.7604403,-0.68248469,0.93914893,-1.0146852,-0.040738607
1.1201662,0.86963694,1.4918854,1.4134614,1.1501641,-0.84086198
1.3752831,1.1573872,-0.78996714,-0.75671399,1.468985,-0.052538364
0.11191745,0.27198431,0.54454504,0.64330353,0.72532067,-0.072846574
0.78144243,0.03014602,-0.44702734,-0.50243682,-0.96959681,-0.81537728
-1.3326177,-1.3595114,-0.32705601,1.7072585,0.39519958,0.80865066
1.0654432,0.87433894,-0.97241219,-1.7245119,1.3003777,-1.4890438
-0.20017805,-0.30366493,0.29299321,0.67668552,0.17708509,1.1815969
-0.24205641,0.48468633,-0.10632522,0.092692974,1.1168679,0.35591318
-0.28953568,-0.46910013,-0.73512634,-1.0527202,-0.26820562,0.84953729
1.4750211,0.8782637,1.9109802,0.16045113,0.96429164,-0.8113683
-0.28316688,0.42597478,-0.071624755,-1.4161493,0.78076355,-0.014260876
0.4193184,1.063956,-0.89672113,-1.4380871,-0.034035114,-1.7396001
-0.15708953,-0.35946102,0.11500424,-0.025457014,0.25684971,0.74523373
-0.45991083,0.17666039,0.34234046,0.14350546,-1.6088242,0.24355943
1.0440001,0.91195727,-0.32130336,-0.72439429,-1.5453236,-2.1439612
-0.39593484,0.26136352,0.29337603,-0.17249145,0.83364101,0.37105576
-2.3761129,-1.5938662,-1.3383657,-0.051023778,0.54348119,0.22356881
-0.64311269,-0.60839143,-0.96438089,-0.357516,-0.87201654,0.67689953
-0.57915505,-0.4821918,0.14193845,-1.6644125,0.8312433,0.56908956
-0.4328444,0.22621138,1.2262611,1.3883884,-0.82319789,0.78620135
-1.5543625,-0.98500324,-0.13204309,1.70576,0.1035958,0.69162625
0.078262876,-0.35114389,-0.18536536,0.94022094,0.95811866,1.2595838
-0.48377556,-1.3348993,-0.53217191,0.3434206,1.7260227,0.65851078
1.0751064,1.1112304,0.64635763,-0.27154444,0.81807218,-1.1518173
-0.80529936,-0.19453434,0.25365442,0.30904758,-1.5297757,0.46375631
0.49873476,0.29312409,-0.31467191,-0.08811136,-0.91122174,-1.1394663
0.80390004,1.1623221,2.3693133,1.2401386,1.41047,-0.54633975
0.26143896,0.7253587,1.7544057,1.3817022,-1.6099339,-1.1759169
-1.3030451,-0.93437054,-1.4215937,-1.5664378,1.50245,0.7304129
1.1252547,1.3397168,2.4773407,1.5642672,0.05303752,0.54837132
1.8110611,1.6442264,3.1456456,1.6718811,0.17956227,1.7711521
-0.036130963,-0.38798939,0.042001933,-0.35242405,1.5439209,0.89040824
0.41840238,0.750669,1.4184979,0.44068094,-1.0367927,-1.6995326
-1.7940741,-1.7130433,-0.63727696,-0.98839732,-1.0500231,-0.53951074
-1.4451255,-1.3175009,-0.8813891,-1.6253856,0.81360662,0.12394105
0.58713398,0.45124976,-0.37475156,-1.019418,1.6071197,-1.2125392
1.0160027,1.0473328,-0.24331472,-0.68175381,-1.21933,-1.5152643
-1.2880689,-1.6037733,-1.3874433,-1.1322843,0.068144907,0.17034146
-1.6636046,-1.3687371,-1.7332435,-0.46984417,-0.30153168,0.55313601
-0.40599451,-0.7899664,-0.49078375,-1.213146,-0.66248375,0.30230333
0.073084301,-0.12568396,0.085237359,0.058637668,1.6159704,0.75507047
0.26443972,0.28479647,-0.59830917,-0.95988046,1.4117898,-0.57733126
-0.90104899,-1.2695093,-0.17367195,-0.29749559,1.4926381,0.32421734
0.65976732,-0.2337931,-0.10111383,1.1697908,0.95450775,0.4936775
-0.58720832,-0.5818042,-0.16504792,-0.055933367,1.0581038,1.0857705
1.3044597,1.3670728,-0.67340525,-1.1412437,-0.40701874,-0.053423443
0.3671085,0.66044963,-0.29684013,-1.0983594,1.3792272,-1.1425901
-0.23961488,-0.24962997,-0.25527789,-0.46733703,1.6947483,0.98598466
-0.28368003,-0.80341761,-0.27065478,0.66654402,-0.11705571,1.1526008
-0.23141562,0.46835967,-0.51744066,-0.87433185,-1.5855605,-0.29144679
-0.72403105,-0.75988742,0.19225262,0.62721155,1.6414733,1.1147882
-0.53736669,-0.98048957,-0.16112989,-1.3360466,-0.12145195,-0.069026548
-1.5307767,-0.83189342,-0.5643788,-1.1376643,1.4261236,0.23405384
-1.786483,-1.6831721,-0.7648909,0.1980502,0.30703097,0.16503379
-0.82231911,-0.53462968,-0.4065692,0.45741147,0.63134047,1.2966551
-0.23704393,-0.5246609,-0.63988081,0.41559441,-1.0034915,1.1292391
1.3489438,1.4071762,1.6285579,0.6116335,-0.76688344,0.40839856
1.1050905,1.6571478,0.39980392,-0.15317227,0.61764607,0.25164897
-0.91803659,-0.41451698,0.58204019,1.0424435,0.90302836,1.2020565
0.85679844,0.3966017,0.45451953,-0.55749083,1.4179414,-1.6915811
-0.60648177,-0.3392304,0.15050574,-0.4258593,-0.31522695,0.58054994
1.7067169,1.5071993,0.51255115,-0.35490324,-1.6034567,0.290533
-0.56418361,0.13622689,1.1981314,0.93680553,1.1704884,1.1932949
-1.3746491,-0.77157447,-0.76750499,0.13111051,-1.3167246,0.37329629
-0.27624226,-0.24790007,-0.6933257,-1.3642931,1.6118644,1.194902
2.1434258,1.4700528,-0.21574642,-0.41164991,-1.1584908,0.17233601
0.52126428,0.49118012,-0.10761734,0.43612095,-1.2433212,-1.0086054
1.0055745,0.79158401,-0.51734546,-0.70962479,-0.34615807,-2.0103454
1.899254,1.6149622,1.4387503,0.34114553,0.62525892,0.92828219
1.4276652,1.2723878,1.110035,0.40232471,-1.5579897,-0.32055873
0.73799551,0.90332319,0.5970716,0.92054516,0.97804864,-1.3701334
1.8392234,1.3057595,2.5202001,1.5602422,1.7278188,2.0366379
0.51166581,0.24337989,-1.3331282,-1.2899906,0.93004463,-0.18113536
-2.0388466,-1.4883904,-0.96632084,-1.2777097,-0.58044026,-0.44298448
-0.29572627,-0.84406694,-1.0565561,-0.65954538,-1.0043093,0.70474957
-1.5787544,-1.6759061,-1.6463078,-0.65305079,0.30551028,0.16115321
-1.1554149,-0.77972005,-1.3375384,0.70785064,0.70525303,1.5608602
-0.2241158,0.045792529,-0.51827047,-0.81602332,0.14805627,0.41261314
0.4844768,0.065342895,0.0083439365,-0.31825762,0.36912894,-0.52179293
1.9804009,1.5011886,-1.1041273,-1.4322678,0.16157989,0.80679828
0.30187519,-0.035334719,-0.8226158,-1.7567429,-1.4510393,-0.31039805
1.6045965,0.89826632,-1.2127023,-1.526241,-0.71581868,-0.66551439
0.40043664,0.049125086,0.8705335,1.0777535,0.061051776,0.011313558
1.3721259,1.0950805,-1.2402692,-1.7165001,-0.69821384,-0.49862273
1.3838507,0.76211456,0.73564776,0.97779121,-1.0040272,-1.1214396
2.2170815,1.4388032,-0.4117678,-0.78884104,1.4377584,0.61145229
1.4118796,1.2459211,1.0373189,0.68861527,1.179578,0.34355883
0.25827008,0.77662776,1.0186945,0.32538412,-0.18675004,-1.4587145
0.60404006,1.1812175,0.24897527,-0.39025211,1.1694531,-1.6740878
1.0795603,1.5229536,1.256862,0.49410183,1.5826258,0.24161599
-0.54848615,-0.67352154,0.11995185,1.0045351,1.5316475,1.2346122
-0.14778259,-1.3758192,-0.5875771,0.877248,1.0795914,0.95343225
-0.4563155,0.12097505,1.0951709,1.6658482,1.0235561,1.319899
-0.47003232,0.25524189,-0.84258973,-0.6947495,-0.83526204,0.65634188
0.031416354,1.1162234,1.9026585,1.1006624,-0.22635154,-1.1904306
0.75619219,0.14891012,-0.43449405,-0.16963696,1.3445177,-0.76543975
1.7066634,1.1176598,1.168784,0.79816251,-0.87406046,0.24316302
0.39508704,0.93076951,1.0341056,0.70410557,0.37718999,-1.3646012
0.70188222,0.9721811,1.6100736,1.1248351,-1.5924858,-1.6053843
-0.49215722,-1.4260088,-1.582623,0.64996889,-0.2501405,0.92579921
-0.23832427,0.38751991,0.32559615,-1.0525959,-0.44719664,-0.4312281
1.3401107,0.64205247,-0.37450602,-1.3418465,-0.28975016,-1.8595296
-0.63887366,-0.4232637,-0.35324945,-0.53414205,-1.1586414,0.50815996
0.93937861,0.97266401,-0.50832831,-0.74595928,-1.2685065,-1.998709
0.52751091,-0.077873808,-0.70979705,-0.010733282,-1.0609302,-0.13517806
0.79565509,1.010564,0.47604871,0.41642676,-0.72661527,-1.7864476
-1.298945,-1.377928,-0.76630743,1.400294,-0.5351841,0.53858082
-1.9514101,-1.7368409,-2.0939873,-0.62107858,-0.10679779,0.5814817
-0.82918842,-0.74306397,0.43000785,1.5921263,1.5768936,1.4366847
-0.69183931,-0.51454634,-0.58971967,0.10756858,0.4768549,1.1070836
-1.2809089,-1.4795428,-0.5321374,1.2475694,0.93728253,0.65027661
0.0074798164,-0.7421379,-1.6747031,-1.5087159,-1.2055103,0.84544902
0.086491751,0.25129076,0.40710584,0.52078911,0.91329998,0.36775693
-1.0062911,-1.4076003,-1.1031494,-1.04783,1.537001,0.59108842
0.5955196,0.76220211,0.7160701,-0.058557041,0.91127239,-1.735129
1.7008086,1.3057083,1.9684033,1.2488309,-0.30028823,1.1983028
-0.75828585,-0.84466282,-0.65803903,0.64763606,-0.1087396,1.0214312
0.24923913,0.75843489,0.34031467,-0.43310616,-0.68412506,-1.5929849
2.0874656,1.5948074,2.2734669,1.0373662,-0.79858213,0.77715209
-2.2675033,-1.6652314,-1.3183846,1.1344953,0.78189481,0.81002044
-0.0032434312,0.68857155,0.53101068,-0.30023646,0.49691538,-0.82466755
-0.086153293,0.39371319,0.67440517,0.43902534,-0.63560652,-0.29399007
-1.0705402,-1.3025611,-0.66920827,1.597709,-0.093924047,0.65749047
0.17594233,-0.24676657,-0.27936445,-0.35910187,-1.5291973,0.33839645
1.4667517,1.265756,-0.010026725,-0.9202669,-1.0237825,-0.24960176
-1.4927687,-0.97628082,-0.3411662,-0.046836806,0.23495823,0.29513681
-0.30304288,-0.037162536,1.1495401,0.93766064,-0.98015784,0.8045138
-0.23232675,-1.0861248,-0.84248825,1.3461099,1.4825865,1.5512689
-0.11019071,0.79528583,2.0839322,1.6689939,1.3384848,0.15415062
-1.3985383,-0.5684958,0.050969991,0.26015042,-0.76721258,0.0075394117
-1.0280102,-0.77343865,-0.86187535,-0.39810469,-0.44925836,0.48659656
0.40188899,0.57835496,-0.77975062,-1.1586939,-0.15272631,-1.2383825
1.915283,1.3499102,-0.58663676,-0.8014597,-1.2051593,0.56933743
0.77480735,0.84773,-0.125642,-0.65653678,-1.6213621,-2.1834658
-1.9088968,-1.3285191,-0.7978679,-0.026495192,0.80801176,0.26446787
-0.81371526,-1.654821,-1.3265563,0.14552935,-0.48552649,0.3286498
2.1880366,1.474326,3.4040686,1.6990985,-0.049835108,1.7626768
-1.6096025,-1.4003369,-0.2464145,-0.76055521,-1.261096,-0.35644746
-0.71394922,-1.0984516,-0.24479917,1.1760921,-1.6074576,0.67862915
-0.019384736,-0.21919335,1.1879605,1.7139947,-1.1910375,0.85777007
0.83603754,1.5690641,0.023703782,-0.69322854,-1.2923177,-0.98799529
1.0085736,0.45980111,1.1339238,-0.030305334,1.5739551,-1.2262398
-0.97958155,-0.55002742,0.33704161,-0.081545123,-1.39863,0.29481355
0.53804856,-0.39633587,-0.81542129,-0.28851786,0.35495519,0.62330609
-1.8960367,-1.6082024,-1.4025104,-1.7107671,0.89122223,-0.10094948
-0.20044473,-0.023700969,1.0084582,0.19653044,0.87009993,0.84082816
-1.586983,-0.9891662,-0.047041402,0.65815911,-1.1287533,-0.023668499
-0.084042164,-0.72823768,-1.1954019,-0.49269775,1.2059578,1.4749503
1.107694,1.4508387,1.6914722,0.86519572,1.3846099,0.36164987
1.4980846,1.3147743,0.45579975,0.10975984,1.6019024,0.57000223
0.65381395,0.57135605,-0.13890146,-0.1466429,1.1914618,-1.2455038
-0.49481109,-0.71995431,0.65582757,1.427311,0.94785133,1.2621266
-0.15386438,-0.35980148,-1.4482762,-1.1570052,-1.2361876,0.86802303
-0.96448929,-0.70303316,-0.44381964,0.56016542,-0.20729911,0.85698788
-0.34860988,-0.1472644,0.22816135,0.70627913,-1.1176717,0.7885907
0.69367631,0.4715577,0.58208814,0.88842404,-1.494024,-1.4229933
-0.52836003,0.29720855,0.15760529,-1.1094151,-0.00095826718,0.19675194
-0.14941058,-0.89274883,-0.44942553,-0.70495339,-1.2334542,0.45534393
-0.012221182,-0.72616006,0.41721237,1.4052668,1.2326104,1.4586159
1.2974385,1.2379275,1.670538,1.3698377,-0.55289927,-0.23731521
0.10708349,-1.0182519,-0.98870881,-0.87085992,1.2076372,1.0343604
1.0390788,0.69228387,-0.5008243,-0.47169958,-1.6766533,-1.9356331
1.0843897,1.0979657,0.89258735,0.075638569,1.3620103,-0.87039502
0.70364541,1.0995385,-0.32501607,-1.1964766,0.33038564,-1.825134
0.4483533,-0.33433872,0.79401361,1.6070588,-0.97954005,0.90838815
-0.72173375,-1.4264852,-1.8428385,-1.0979719,-0.16662483,0.59207657
1.9235232,1.3769414,1.8340412,0.84160183,-1.5242799,0.73507151
-1.2410954,-1.6767755,-0.67248249,-1.0464738,0.12429107,-0.53721735
0.83756748,1.1325041,1.4540719,0.59664376,0.77888957,-0.92890041
1.4999918,1.5334028,2.0243534,0.98039984,-1.5348482,0.97540927
-1.3780695,-1.3394733,-0.97008292,-0.7170143,1.1958765,0.25459499
0.17445774,0.29386223,0.41288429,0.017879924,0.9086792,-0.14213688
1.0460592,1.3188289,1.4069519,0.42780611,-0.330207,-0.63188363
-0.3313196,0.02603214,0.32681937,-0.38902577,0.60133364,0.49878995
-1.2000815,-0.86977738,-1.3668229,-0.81992319,0.2332453,0.76451646
-0.65425451,-1.4735027,-1.0751673,-0.781237,0.2301866,0.16508844
-0.54110949,-0.89292477,-0.42487902,-1.2615386,0.019291805,0.20168356
-1.1362245,-0.77286852,-0.54614443,0.19009993,-0.55362052,0.43898247
-1.695373,-0.89658185,-0.562892,-0.98325538,-1.2576596,-0.38067426
1.9873812,1.6329674,-0.4297665,-1.3838192,0.40793488,0.095156003
1.1447254,1.5757741,-0.32792136,-1.597058,-0.31313607,-0.19202305
0.95363435,1.665381,-0.20947242,-0.94955843,0.72028613,0.056327503
-0.21999981,-0.23380337,1.4504717,1.5285482,0.18885141,1.2655357
1.2755862,1.3227714,0.45502436,0.17192843,-0.21916054,-0.19246846
-0.65530189,-1.2535927,-1.1532772,-0.39510345,-1.2372591,0.52906704
-0.87558312,-1.2273657,0.16731582,1.7840207,-1.5105157,0.56711569
0.30203533,0.87675691,2.6258861,1.7319928,-0.028122056,-0.48507223
0.43902761,0.90383133,-0.051956032,-1.0451403,1.6575136,-1.5965457
0.090691243,0.72447689,1.5801062,0.95426488,-0.60133936,-0.67061045
1.1426895,1.5756245,-0.76584791,-1.361158,0.13803241,0.10847413
0.9715671,0.45006906,-0.9917244,-1.722623,-0.20973335,-1.8381834
-0.022914732,-0.56384246,-0.71422814,-1.0623536,1.434576,1.1432263
0.50862541,0.35170872,1.3125158,1.1625709,-1.3603124,-0.72526216
0.059687211,0.6029775,-0.35952621,-0.11716112,0.91962773,-0.49135616
-1.0359504,-0.56711135,-0.15841559,-0.05855849,0.94155487,0.93783972
0.016990491,0.58404678,0.75583181,0.36269591,0.0070028252,-0.65570948
0.11854295,-0.21970313,-0.43760741,-0.57631511,-1.2314661,0.30870601
-1.5028922,-1.5686444,-0.25638729,1.010149,-0.065387788,0.3551244
-0.8607795,-0.98278416,-0.54637312,0.11998693,1.4633329,0.96689246
-0.037434362,-0.10782478,0.038820623,0.41062835,1.6255759,1.0232212
-0.72635261,-1.1023735,0.15563529,-0.21692377,0.37863162,0.41704518
-0.51312676,-0.16656567,0.11888773,1.2250212,0.63690893,1.4326591
-1.0326979,-0.729784,0.38040436,1.1697172,1.1992559,1.1756177
1.3301157,0.92355061,1.4541573,0.14557796,-1.2163592,-1.1524611
-0.96952257,-1.2358625,-1.4950394,-1.5212384,1.5163895,0.77000714
-1.2466193,-1.1238554,-1.2557555,-1.4327763,0.040585998,0.21675233
1.7026033,1.3033882,0.21922958,-0.62571191,-1.6148189,0.17855344
-0.45658253,-0.18121845,0.89764816,1.3049758,0.54778981,1.2967609
0.92804862,0.72318109,0.0035540665,-1.1957896,-0.57251557,-2.1433161
0.76006997,0.38977864,1.1979599,0.81576986,0.8191936,-1.0934819
-0.51121541,-0.76105378,0.29706749,1.1015096,-0.24376459,1.0132178
-1.3578224,-1.1413684,-1.0183427,-0.18739319,-0.44566449,0.30862356
-1.7751126,-1.7383793,-1.0152845,0.70468984,-0.50293586,-0.019013133
1.4024814,0.63010064,-0.86923804,-1.653879,-1.0048422,-1.9368603
-0.20973684,0.66042751,0.28296588,-0.75279227,0.76276029,-0.35179349
-1.5025395,-1.458542,-1.9558357,-1.6220044,0.55991787,0.57774949
0.03696251,-0.43627763,-0.91686762,-1.773442,-1.1190483,0.56979398
-0.10827232,0.43184743,-1.0139835,-1.5554743,-0.92771357,-0.38214892
1.1556942,0.31680959,-1.0114404,-1.4450034,-0.64560168,-1.9361563
1.5865035,1.6309288,-0.74806916,-1.6563672,0.27899205,0.68874782
-0.34392833,-1.1159038,-0.9427597,0.58806704,1.6235478,1.5780041
-0.60514479,-1.279348,-0.8978216,1.0726897,1.3827998,1.0902726
-0.18260193,-0.53983231,-0.12734356,0.11241511,-1.6044087,0.94358354
0.62833085,1.0752295,1.6544707,1.4853914,-0.83101723,-1.5391368
0.57752717,0.55065819,-0.79872428,-1.5432159,-0.87020037,-1.7787819
-0.1621469,-0.081143832,0.0005493938,-0.14169009,-0.73782532,0.55588724
-1.2250451,-1.03332,0.16099192,1.7639142,-0.60785583,0.63542809
0.49116884,0.49430667,0.80671949,0.46577935,-0.55981558,-1.4149596
-0.64818254,-1.007499,-0.2463218,-0.57791687,-0.44935954,0.090451083
-1.0620971,-0.94789557,0.18962991,1.1781412,-0.65474076,0.5537273
1.1930169,0.71785036,-0.2076358,-0.94704716,-1.0280475,-2.1170218
-0.18730893,0.084591165,1.1521138,1.5089821,-1.2600438,0.91016056
-1.1158619,-1.382336,-0.61460158,0.62007503,1.5088895,0.80440996
-0.52071766,-0.3975189,-0.96554043,-0.99335966,0.12097648,0.90796129
-1.4859138,-1.5577025,-1.310416,1.6389293,-1.5173351,0.96323252
0.4337508,1.1268845,1.2563904,1.4167639,1.5035033,-0.80440053
-1.379067,-0.82137958,-1.3287559,-1.1512801,1.0977978,0.67916254
1.7887541,1.4409514,2.1558792,1.415718,-1.5529307,0.97003059
-1.9095913,-1.43227,-0.22813376,0.3430512,1.1136434,0.25676803
0.90277227,1.4566554,1.8232317,0.79912675,1.6981713,-0.073589535
1.151492,1.2225816,0.26879183,-0.10590953,-1.0963941,-1.0082007
0.22187963,1.2507098,-0.1513712,-1.1501283,1.6535052,-1.9421242
1.0931348,1.1593591,-0.35526571,-1.3745268,-0.79934687,-1.5285917
-1.1496045,-1.446159,-0.57176626,1.4280854,0.49915759,0.58241786
-1.0843261,-0.64705002,0.75306638,1.6551521,0.1938765,0.95879221
0.24274684,-0.024252374,-0.71578169,-1.5180164,-0.80928993,-0.26319968
-0.44556992,-0.34841387,0.34816489,1.6329037,-1.0599325,1.010741
0.34195717,0.72957713,1.5069806,1.0952912,-0.65964683,-1.3297273
-0.8871918,-1.0170213,-0.64559978,1.6014713,0.18485733,1.2143579
0.70342117,1.0813895,1.1220856,0.32380493,-1.6009481,-1.8932291
-0.43379533,-0.46996087,-0.44629638,0.14768423,0.92105963,1.2436247
0.45921463,0.77879865,0.97686837,0.3268856,1.3784848,-1.3986464
-0.62677499,-0.68536971,-0.13884455,1.1922294,1.7353816,1.6659177
-0.68634169,-0.90539563,-0.50626363,-0.50732871,-0.62189352,0.31007823
1.4660742,1.1353632,0.16993319,-0.42043272,1.3421215,-0.30555428
2.0221267,1.1822287,3.3827402,1.6882236,0.17024306,2.2238653
-0.86025687,-0.30541664,-0.98789243,-1.2361346,-1.2810816,0.65591547
-0.7296881,-1.4898764,-0.93797948,0.64808033,-1.2311582,0.39821343
-0.2751167,0.34448561,1.084425,1.2616889,-1.4251337,0.29397092
0.64923631,0.43106386,1.2884677,0.57317557,1.5281866,-1.0273803
1.5237739,1.2158683,0.53732089,-0.39069953,-1.5119498,-0.21609567
0.61835493,1.3626671,2.1534074,0.27697231,1.1226384,-1.0036314
-0.01860245,-0.32849156,0.80021441,1.6859116,0.30317742,1.5180192
1.0980692,1.5333581,1.8009454,0.25291394,-1.50402,-0.10952776
-0.68826237,-0.73898608,-0.93110246,-0.7759908,0.6329962,0.87772209
0.32707737,-0.17720804,-0.13067035,0.38449228,-0.26182282,0.54087437
1.1452414,0.92819111,-0.23247698,-0.86126948,-1.6157051,-1.8140424
0.40171266,-0.28663938,-0.57402531,-1.1426763,-0.45150587,0.1124285
0.7623718,1.6198484,-0.92478684,-1.6770744,-0.55583561,-0.61924041
-1.0439967,-0.40766764,0.23275022,0.84250752,1.1922433,1.2748539
0.33133999,0.67354964,-0.061650566,0.39634419,-1.0079782,-1.3549895
-0.81757016,-0.93369732,-1.2813159,-1.6730428,-1.4977868,0.11380465
0.51103404,0.81056605,-0.85189275,-0.73502874,0.44497451,-1.1405599
-0.23968995,-0.50150642,-1.0126692,-1.4960683,0.4058485,0.74722965
0.86496487,1.6435103,0.82351062,-0.6729784,-0.5361937,-0.78154919
-0.33254106,-0.7997908,-1.1020183,-1.2392188,-1.1740328,0.6735906
0.37975488,0.48464319,0.40198429,-0.31960253,1.1848053,-1.1582006
1.3201464,0.79236085,-1.2056493,-1.5411062,1.1826023,-0.7605949
0.20967654,0.29109996,1.1850487,1.7259264,-0.82579565,0.023560074
-1.6432952,-1.5321088,-0.6588647,-0.67993864,0.13376095,-0.18398281
-1.3053839,-0.87188151,-1.043861,0.93753637,-0.90867955,0.91407301
-0.43487497,0.015394284,0.095897186,-0.75888267,1.1807077,0.6660802
0.89813907,0.41345586,0.37955724,-0.11330032,0.71442002,-1.5490552
0.4085998,0.53777448,1.3431812,1.1227875,0.39380167,-0.7441635
1.1579668,1.1237935,-0.814947,-0.8370973,0.081820516,-0.64672255
1.832293,1.5471824,0.92012569,-0.15406233,0.91489235,0.92273505
-1.311971,-0.73499654,-1.2496308,-0.50778788,0.16051917,0.5427036
1.2515669,1.2699179,2.4156744,1.2976577,-0.89335153,0.10167916
-1.2154921,-0.9958362,-0.49617757,-0.31911844,0.38821266,0.32523808
0.20934946,0.31091695,-0.12263892,-1.1471321,1.7278378,-0.33147499
-0.9588657,-0.46950527,0.29237964,0.68227085,-0.31469108,0.70470758
1.5314069,1.4569267,-1.4757483,-1.7462021,0.77453899,1.083728
0.21050623,-0.03977487,0.65764177,1.3640268,0.36748505,0.82765386
1.5885562,1.0953139,1.3202808,0.98170765,0.051574347,0.34751946
-1.5298656,-0.96579919,-0.23403115,-1.2201147,-0.7949311,-0.43114036
-1.6128539,-1.2407465,-1.0071227,0.51189872,-0.64067569,0.44400295
2.1588868,1.6761735,0.71487071,-0.36615507,0.2920702,-0.3640977
-2.0222269,-1.527198,-0.7534463,-0.11860302,-0.032619132,0.0034681335
-0.16658452,-0.95745654,-0.61568328,-0.75668696,1.456927,1.0287008
0.40635983,0.43913241,0.35737196,-0.10268251,-0.70611676,-1.2284356
1.4124805,1.4608293,0.40705793,-0.52738943,0.92453958,0.5694528
0.48708006,0.62483414,0.57144293,0.19774005,-1.1349698,-1.8169861
1.4733337,1.5702026,2.6540446,0.95365476,-1.4158787,1.1281008
-1.355105,-1.3985194,-1.3693497,0.97894205,-0.75869465,0.9401467
0.89470823,0.72928406,1.7187859,1.4373566,-0.69482533,-1.3435758
0.31998166,1.0056948,0.32225715,-0.56363925,0.54524093,-1.811961
-0.87903229,-1.2952374,-1.5333298,0.71865585,1.0814375,1.5482888
0.89014855,0.19283506,-1.1157697,-1.6322195,-0.56225852,-1.2977447
1.7199412,1.5619575,-0.42306089,-1.3686776,1.4256389,0.76520923
-0.10000042,-0.037912871,-0.63231159,-1.3793371,1.3003831,0.76283491
-1.0251682,-0.77802962,-0.058315574,1.4357111,0.53714327,1.0018688
-0.20067967,0.1701539,-0.78227094,-1.5740503,0.81161092,0.24993028
-0.088715604,-0.81416875,-1.1121041,-1.5512494,-0.88100447,0.70196434
-1.1587034,-0.81159027,0.32172198,-0.33591399,-0.33418971,0.1568991
-0.81883775,-0.9209993,-0.74836871,0.13504331,0.37838419,1.0691728
0.46639161,0.89102182,-0.12640787,-1.4282291,1.5960338,-2.0192996
-0.70643354,-0.64129859,0.1836663,1.6070622,0.4053882,1.5541642
1.040632,0.79034771,1.4665202,0.64471525,-1.0222548,-1.7837471
-1.2882399,-0.74841023,-0.95661302,0.42134855,0.18650535,1.268301
-1.1445063,-1.7677373,-1.0299943,-1.5656724,-0.37934223,-0.5876577
-0.87764465,-1.6021594,-0.89173954,-1.4141841,1.1792344,-0.29903151
-0.64207615,-0.52721515,0.26286506,1.6818924,1.1310635,1.4686507
-1.7951869,-1.4635537,-0.92818899,1.7778212,-0.60495514,0.76907461
-0.56810981,-0.94177488,-0.79875677,0.24197091,-1.2261193,0.80870586
-0.68740412,-1.049349,0.32530175,1.3307904,1.1842161,1.1076333
-0.74363438,-0.66368206,-0.9176756,-1.3302826,-0.79596743,0.19007804
0.1160106,1.0135117,-0.55434597,-0.7157394,-0.37096138,-1.7455416
1.1473725,1.2927591,1.5665842,0.42822968,1.6315211,-0.19310034
-0.027729745,0.1351225,0.046315192,0.56311795,1.1376864,0.71353326
0.87562973,0.42026652,-0.57238866,-1.7454542,-1.3076729,-2.2153218
-1.1002131,-1.2370737,-0.95117988,-0.11361853,0.86478113,0.37834702
-0.94911691,-1.6263863,-1.620327,-0.47344711,0.97575637,0.59746065
-1.2646353,-1.34718,-1.3636053,1.0446038,-0.098349782,1.1714716
-0.41122453,-1.1886098,-0.61515708,-1.3757165,0.16272047,0.14409742
-0.84194442,-1.0189946,-0.56382902,1.5922282,-1.0471549,0.87720363
-1.4308649,-0.82628818,-0.75144651,-0.51962206,-0.69876403,0.26115727
0.39602988,0.48532457,0.32516603,0.56848852,0.54705211,-0.7758418
-2.0944152,-1.7266814,-0.46444622,0.2156013,0.86469988,-0.036327426
0.79429752,0.49453422,-0.33113191,-0.24992322,0.58454479,-1.7383919
1.6405469,1.3155706,1.7059843,1.0316222,-0.03632464,0.85852001
-0.94693595,-0.24222148,0.19675052,-0.24800963,-0.022903718,0.71568445
0.010206014,0.54946612,-1.0138005,-1.1152358,-1.2277358,-0.76211814
0.20007358,-0.59648079,-0.83351386,-1.1548352,0.4418323,0.94443314
0.37397925,0.49390693,0.51818648,0.010918798,-1.4330477,-1.4801226
0.29815132,-0.8433601,-1.3218727,-1.3552168,-1.2522492,1.030113
0.58914374,0.84411215,-0.21862582,-0.9525943,1.2091185,-1.7615217
-0.39647137,-1.1137205,-0.32133673,1.176125,0.0942573,1.180336
-0.78991272,-0.45693689,-0.54352494,-0.51404322,-0.56657466,0.67811058
-0.84864993,-0.084487148,1.6333289,1.0454245,-0.35652363,1.0259815
0.22499899,1.0853776,1.9087466,1.4727387,-1.1480693,-1.1237162
1.1951931,1.106679,2.2107253,1.5736009,-0.27565732,-0.069892019
-0.077397637,-0.24353182,0.034355071,1.1921296,0.9982581,1.3799061
-0.7398145,-1.6106802,-1.2995098,-0.91513854,1.6978073,0.4515777
-1.9697215,-1.5899066,-0.46427936,0.20601295,1.1817244,-0.065371905
-1.5305507,-0.75521658,-1.2118266,-0.61720481,-1.0147055,0.33161617
-0.60159673,0.069783706,-0.3708687,0.24505737,-0.18940194,1.169977
-0.23648336,0.39749834,-0.45735912,-1.4315654,-1.618211,-0.54982989
1.3464371,1.6193847,2.3594091,0.35724426,-0.69065762,0.81752635
-0.88596349,-1.3771219,0.089870855,-0.51078425,0.55419025,-0.23645594
-1.2767896,-1.0897308,-0.47015925,1.1726345,-1.3806888,0.46665704
-0.17431302,-0.19935266,-0.24788891,1.1359497,1.3845989,1.4614626
1.6993449,1.6166711,-0.1639377,-1.256607,-1.3747044,-0.081455242
0.45527144,-0.44932231,0.050459869,-0.19594698,-1.6825109,0.38228267
0.67789285,0.76340473,0.82225682,-0.19373473,0.44370931,-1.9234517
-1.1417317,-1.6070106,-1.2545677,0.78610557,-0.23957454,0.4497283
-1.1551322,-1.0746024,-0.99282777,-1.0658755,-1.0350064,0.045442444
0.50933935,0.80275494,2.3851228,1.5870621,1.1037326,-0.71021394
1.0507034,0.69641394,-0.0026423901,-0.4641421,-1.3627547,-2.2222452
-1.7561422,-1.57695,-0.53682444,0.9756439,1.601816,0.44650945
-0.64774092,-1.0412544,-0.083774419,1.5931097,0.70057577,1.2183523
-0.66219811,-0.35486474,0.13054599,0.98001471,1.5490848,1.6131765
1.2192281,1.0786268,1.2832634,0.48064677,1.3014625,-0.48099618
1.0377553,1.2973721,1.0154209,-0.026260106,1.7348453,-0.50224206
0.4615486,0.94924976,1.2164287,0.96020283,-0.12187888,-1.692781
-1.5799732,-1.7262542,-0.16445717,0.95730985,1.3102627,0.10702006
-0.15608025,-0.17645683,0.063028916,1.2604987,-0.26098091,1.1790545
-1.172346,-1.5082547,-0.15394778,0.36931286,-1.2964438,-0.42945984
1.5829733,1.3119341,0.53108151,-0.09540117,1.2001914,0.66360371
-1.0534204,-1.2225866,-0.01480096,0.69247439,1.3202453,0.60942896
-0.78222298,-0.13064578,-0.71489899,-0.55531806,-0.95271812,0.73319435
1.7433284,1.0752888,0.78048002,-0.5351255,-1.2554798,-0.21628636
0.94727451,0.2686413,-0.29106608,-1.3101341,-0.22681573,-1.5809393
0.29482075,1.0634168,1.2007485,0.75037815,-0.65574388,-1.6054763
-0.7235079,-1.5796402,-1.7030771,-0.10337855,1.6495285,0.8354793
1.0641289,0.36204768,0.22995138,-0.46603452,-0.86164491,-1.8753617
0.85926717,1.2279278,-0.67940957,-1.3397764,-0.50311921,-1.6841274
0.22511815,0.87868617,0.47112672,-0.39032108,0.026763852,-1.5898779
-0.99063455,-1.6350463,-0.19167462,-0.87231688,0.078767748,-0.50850958
-1.0575703,-0.27020787,0.016255658,0.83008966,-1.6522549,0.51580823
-0.26075907,-0.69579844,-1.5973013,-1.7436056,1.7036789,1.3833458
0.013725584,-0.05703606,0.14036399,-0.26578624,-1.4842579,-0.0070281253
-0.40308835,-0.079431199,0.48094875,0.0043578832,1.0417743,0.97895608
1.0347783,1.1646113,-1.1206522,-1.6426674,1.3013011,-0.93425209
-0.91160702,-1.0558508,-0.8047743,-0.42580485,1.4652799,0.80819657
-1.5319863,-1.3731207,-1.641869,1.1498446,-1.1404862,1.1095849
-0.38066843,0.16184954,-0.76709861,-0.33635543,-1.4802554,0.4367102
-0.28826709,0.25797662,0.59361852,0.38263511,0.07294411,0.3888588
-1.1090457,-1.3530632,-1.5455402,-0.26926145,0.41623157,0.58201132
-0.94417458,-0.93817716,-0.65259281,0.47145045,0.80845871,0.82239776
0.84053602,0.73912657,1.1401139,0.053968506,-0.14561112,-1.9206495
0.97061825,0.48888402,-1.3671688,-1.7649458,0.36686055,-1.4981662
-1.2215426,-0.597673,-1.1052656,-1.7359904,-0.11053378,0.28524112
1.5065415,1.653431,1.2211947,0.15808103,1.7121332,0.94707883
-0.2260913,-0.48971244,-0.65141858,-1.5758681,0.6750236,0.64696173
-2.022274,-1.4699695,-0.96285267,0.53898138,-1.6449145,-0.29693031
-0.66676047,-1.3876113,-0.70868339,-0.43782762,0.81427529,0.28988962
0.16171377,1.0161185,-0.34940582,-1.1325377,0.49038485,-1.7647336
-1.3030726,-1.6739478,-0.93237617,-1.333417,0.8272436,-0.27890771
1.6831938,1.6061346,0.76344374,-0.41648262,-1.2048991,0.53909411
-0.42032403,-0.0069270674,-0.25659728,-0.38012358,-1.2525929,0.74511972
-1.8065452,-1.2381177,-1.4992792,-0.070328729,0.26435351,0.69727078
0.47447381,0.23041924,0.40413047,0.45859256,-0.8769883,-0.68285226
-1.6784419,-1.7264523,-1.4207048,1.0418126,-0.80867565,0.65876087
0.013581511,-0.32500548,0.1874154,0.86975381,1.6641693,1.3104041
-0.17968063,0.11342696,-0.17412762,-0.32305785,1.1318008,0.90011502
-0.86951889,-1.6780215,-1.8787551,1.2432045,1.2645644,1.3559558
0.55939697,1.1096567,0.66150948,0.08500798,-1.2429776,-2.0871151
-0.51730659,0.14354617,0.34424273,0.64151047,0.063448188,1.104903
-0.22936827,-1.1636282,-0.72095929,-0.58164131,-1.5641468,0.13570934
0.21827116,-0.16340859,-1.1301689,-1.2642701,-1.3472842,0.23958309
0.071819374,0.94028058,-0.61152824,-1.5798226,-0.33923201,-1.8061485
-0.29301163,-0.55009181,0.076563044,0.069965596,-1.5847295,0.72556794
-0.3862255,-1.315659,0.15377955,0.16977959,0.1890903,0.084778799
0.49383379,0.17122127,1.2525458,1.6701066,0.87273907,0.041628264
0.63461793,1.0946372,-0.040721157,-0.69693518,0.8000373,-1.801788
-0.98873656,-0.7558361,-0.25554389,0.24769798,-0.95897496,0.50489522
-0.67418153,-0.86125338,-0.32534401,0.20302106,-0.32031945,0.66135415
-0.27530787,-0.64937284,-0.45699849,-0.27015841,-1.3582978,0.86094465
-1.2740672,-0.77116513,-0.65478729,0.35675756,1.0786307,1.1692155
1.5039098,1.398301,0.34526612,-0.7487199,-1.1505488,0.062032847
0.49063134,1.0185881,0.44617136,-0.15996563,-1.0358904,-2.3513399
-0.28251234,-1.1111949,-1.0538925,-0.81962253,-1.3532986,0.37912802
0.88571261,1.3657074,1.9086269,0.89729693,0.065513583,-0.62481157
0.73597174,0.088685975,0.58787981,1.1044691,-1.4772902,-0.86834474
-1.7660964,-1.5458307,-1.1971169,1.651504,1.5127463,1.1383129
-0.012034055,0.55152517,0.063723658,-0.8192375,-0.027796613,-0.63231793
-0.37779761,-0.61242196,-0.081375844,0.18873529,1.6047536,1.3762264
-1.2651731,-1.0586693,-0.54659678,-0.50481569,1.147245,0.58798756
0.72336386,1.3284662,1.8090218,0.72294768,-0.85705778,-1.147948
-0.48664379,-0.50503819,0.48996133,0.89185459,0.66915617,0.85823246
-1.7986366,-1.7529794,-0.99351193,0.73206902,-1.4082281,0.041953209
-0.0089162988,-0.026910253,0.55418637,0.7885754,1.3069999,0.81091779
0.85211404,1.6044582,0.92211342,0.5139848,-0.6069728,-0.40139443
0.46879383,-0.42332309,-0.16705051,1.7356612,0.24477078,1.3715051
0.52057632,0.4044879,1.6390744,1.5052771,0.89197129,-0.17244535
1.1209699,0.90379791,-0.49969717,-1.1728675,0.30368906,-1.524637
0.11880068,0.63025296,0.88807824,1.0804282,0.074820268,-0.63679991
-1.1325489,-1.0188497,-0.35581617,-0.097158237,-1.4948169,0.018251762
0.94285278,1.1335166,-0.56757272,-1.4598744,0.89665631,-1.197707
-1.1907517,-1.6739019,-1.2743591,0.31206751,0.87449466,0.33168967
-1.5250007,-1.6670288,-1.9155593,-1.7008907,0.42585923,0.047488577
0.64549264,1.5345603,0.5186192,-0.22875735,0.89419503,-0.97523384
0.67137722,1.6340282,-0.35272642,-1.2207543,1.0131497,-0.76270015
-0.15625111,-0.45705226,-0.57062754,-0.041036416,-0.92781083,0.85262756
-0.068042217,-0.25779437,-0.52811607,-0.45945575,-1.152165,0.66606153
0.67985402,0.54939355,-0.74671979,-0.93295091,-1.5548962,-1.9032529
-2.2881393,-1.668776,-0.65323108,-0.075280736,1.6697945,0.11617156
1.064493,0.61634747,1.772252,1.6015827,0.97750214,-0.85361087
0.65374186,1.3315403,-1.0592766,-1.5651903,-0.79763874,-1.575914
1.2923013,1.12948,0.75261628,0.10710232,-0.11538501,-0.45913786
-1.077069,-0.95818113,-0.49413962,-0.73896549,-0.5845089,0.20863208
1.688229,1.2972655,2.1332932,1.4597577,-1.0307315,1.0342679
-1.7102892,-1.213705,-0.90698502,0.53420771,-0.86260484,0.16507847
-1.8017402,-1.5120927,-2.0004702,-0.71560048,-0.66702318,0.32774855
0.92882926,0.30234991,-0.54571048,0.095143875,-0.45256253,-1.398944
0.51082342,0.6870587,-0.011401892,-0.7005025,0.18187971,-1.5646463
-1.6118827,-1.6111488,-1.6399067,0.71207674,-0.8024919,0.57772245
0.77098456,0.52058279,0.12282477,-0.97644287,0.97268568,-1.7275653
-0.32651889,-0.98136877,-0.12352216,-0.2708055,-1.0015743,0.070263591
0.027288621,0.63515707,0.39394226,0.46634101,-0.18485401,-0.69945524
0.25284673,-0.64071006,-0.48166211,-0.18906029,1.4541999,1.2921549
-0.22412253,0.66707394,-0.20662831,-0.28844878,1.3700503,-0.24732098
0.69624111,1.0469221,-0.13094577,-0.92707237,-0.41333951,-2.1770375
-0.98944105,-1.3429096,-0.75816337,-0.94142838,1.089092,0.45751961
0.41195074,1.0207738,-0.9747336,-0.9957275,-0.87339409,-1.773953
-1.5705155,-1.2025887,-0.44974188,-1.0408443,1.7417236,0.24676901
0.17895816,0.57644245,-0.10554671,-1.2828081,-0.40981469,-1.4056946
1.2752649,0.91861381,0.14448136,-0.57666136,-0.071088282,-1.606832
0.28460963,0.76712443,-0.63041914,-0.54525126,1.4556967,-0.95309205
-0.59282219,-1.0071828,-0.40910813,1.4899366,-1.0990251,0.8917102
1.0730821,1.6391439,-0.16793413,-1.178013,-1.4267622,-0.35217988
-0.60288125,-0.87166085,-0.034970617,1.5787838,-1.0101216,0.81627728
-1.0559136,-0.51494968,-0.98963826,-0.89536104,-0.075458649,0.52008586
1.1765799,0.88902526,1.3465101,0.25837784,1.1340474,-0.97689738
1.3418378,1.4040205,0.19660612,-0.45136033,0.85681068,0.11593715
-0.59087707,-0.079348941,-1.2802432,-1.3613693,-1.0375685,0.75574937
-0.61650151,-0.5756652,-1.5818796,-0.81056252,1.0132098,1.406213
2.1094032,1.6232706,3.5117001,1.6944689,0.0064517877,1.632675
0.4073205,0.71865511,0.45763899,-0.24438941,-0.051429563,-1.8445977
-0.045480497,-0.53288746,-0.11071953,0.44679462,-1.2113098,0.81402179
-1.2394606,-0.74048744,-0.78401856,-1.351918,-1.4331445,-0.11271407
0.80595712,1.5144034,0.30711037,-1.1902956,1.0304167,-1.2076208
-1.0664307,-1.7382704,-0.73760607,0.83984426,-1.0360692,-0.20347167
-0.89835928,-0.73232237,-0.77650973,1.2838153,1.3773035,1.4123909
-0.58431509,-0.074919738,-0.25512898,0.29901697,0.47787301,1.1308492
1.2830169,1.5918733,1.8741216,0.32533472,0.36455461,0.80772617
-1.6303122,-1.1575338,-0.7379286,-0.43804219,-1.0243189,-0.25427423
-0.38066938,-1.1310504,0.52309898,1.7014752,1.4511363,1.1359761
-1.1021425,-0.63721207,-1.6272361,-1.7640197,-0.8465628,0.4430896
-0.4186576,-0.58398701,-0.30798958,1.0707144,0.2838688,1.4849304
1.4747127,1.6307857,0.32961371,-0.06679718,1.5396115,0.97362871
1.9391311,1.4883954,2.7533825,1.1241431,-1.6657837,1.1858265
0.42300226,-0.12333628,0.22177124,1.4533945,-1.0979611,0.15103262
-0.75689955,-1.427765,-1.829078,-1.751765,-0.77502682,0.029190618
0.27453801,-0.61482029,-0.39759167,-0.70599503,0.59489517,0.86108574
1.0332718,1.5422512,1.2577608,-0.48841567,-1.1045183,-0.48931911
-0.69482252,-0.71198977,0.30251629,1.6019781,-0.73482234,1.1245453
0.395944,0.93884392,0.58403938,-0.063578484,-0.25356968,-1.7190703
0.76804391,1.0852706,1.9735739,1.5397396,-1.5429732,-1.3367222
0.46542831,0.63045018,1.1588035,0.77740064,-1.4621742,-1.5160182
0.79964284,1.4992124,-1.4175737,-1.7197726,-0.4967674,-0.99815138
-0.35975453,-0.40115948,-0.020995959,-0.55297761,-0.76970775,0.56868444
-1.3564751,-1.38954,-0.63185084,-1.2934706,1.6873936,-0.26079052
0.20606081,-0.046014247,0.051037346,-0.21663053,-0.39237639,0.073550511
0.49454858,-0.20744731,-0.024277397,0.32974599,1.4986993,0.3939967
-0.75722633,-0.67172776,-0.053125806,0.061457995,-1.3367744,0.37429749
0.11956017,0.39181073,1.3702553,1.5643409,0.12141554,0.0065043503
-0.880109,-0.70370518,-0.18174641,-0.35052132,-1.4312398,0.48896976
-0.056735651,0.30472011,0.5674513,0.17423534,1.2297478,0.24780971
0.93343828,1.3285865,1.2954397,0.29770904,-0.29431279,-0.94192121
0.92196906,0.97184069,0.92417842,0.045026227,-0.69877811,-1.7528304
0.35908389,-0.25745621,0.4033135,0.49744981,0.79746134,0.73449789
1.8296309,1.1382238,1.4097065,0.79683707,0.51680235,0.88797219
-1.2917858,-1.5418402,-0.56492973,0.65866761,-1.5811154,0.098549522
0.77291169,1.5118868,0.62254894,-0.033785084,0.06867626,-0.9219361
0.096131595,0.37441102,-0.029612687,-0.75802747,-1.4778137,-0.69817323
-1.2813239,-1.4149024,-1.1119361,-0.15351342,1.5071077,0.49043546
1.9012675,1.1945051,-0.35619774,-0.38152115,-0.60225283,0.58328267
0.48435351,-0.47016467,0.25574792,1.2233334,0.081227907,0.98842621
-1.7803645,-1.6271811,-0.97956967,0.4819642,0.82273329,0.28113603
0.40640967,0.36803655,0.92274975,0.10615146,-0.90007561,-1.1684982
1.0142006,1.5508615,-0.888894,-1.149898,1.3185158,0.094031796
1.3358175,1.5962414,0.92941998,0.83101232,-0.90958243,0.88734531
-1.7156154,-1.7100587,-0.63288625,1.4749748,-1.0167623,0.1164513
0.49736226,0.075831232,-0.39924624,-1.2340669,-0.085674534,-0.46903135
-0.97912057,-1.224201,-0.60074751,-1.3514511,1.0795171,0.024240871
-0.0976553,-1.0823396,-0.20837047,1.3957685,0.75866531,1.3970508
-0.58357304,-0.07849166,0.11433085,-0.29535172,0.94604025,1.0575016
0.81884355,1.3233253,0.23854924,0.16557368,-0.71498596,-1.3701755
0.068911492,0.65809544,-0.63493093,-1.4221854,0.45709225,-1.2202805
-0.51805665,-0.0042883973,1.0538218,1.5222939,-0.66185353,0.99925914
1.1875941,1.5308115,3.3684807,1.6521413,-0.86877642,1.4293608
-1.4231588,-1.7004831,-1.0483409,-1.1997823,-1.2214314,-0.56851908
0.64546588,1.1680982,0.61945279,0.44379939,1.3424709,-1.3535544
-0.97003502,-0.34364881,-0.33810884,-1.1804797,-1.3027704,0.16283618
-0.85349249,-0.18442076,-0.51330286,0.98662691,0.091794284,1.4253809
0.61351404,0.99662929,1.6124128,1.3712407,-1.5117622,-1.731753
0.41202111,0.31470674,-1.3788305,-1.5466017,1.0911083,-0.30843506
1.9700425,1.6528593,0.13342972,-1.2695922,-0.62265967,-0.083589388
-0.46757789,-0.09233002,0.8890748,1.3689237,0.77657925,1.2958862
0.66131666,0.13962668,-1.5677132,-1.5881853,-0.1137091,-0.35147907
1.7738752,1.2283181,2.1474613,0.91108471,1.0714324,1.1792478
-1.7714494,-1.4429695,-1.011132,-1.2727216,-0.73986644,-0.50394416
-0.010833329,0.70484441,-0.65661263,-1.1956419,-0.71841105,-1.1799841
-1.481963,-1.4742727,-1.1278637,0.78777995,0.90314716,0.65331467
-0.8394936,-0.49649208,-0.38065669,0.15806429,-1.3498892,0.67664569
0.47319227,-0.15769878,0.85469406,1.0303575,-1.2465233,0.13447603
1.0365755,0.63383746,0.25509572,-0.043453344,-0.30819664,-1.9078295
-0.515216,-0.50542628,-0.92247685,-0.78362689,1.5087543,1.4183715
0.40428491,0.95450125,1.1899763,0.74742973,-0.086367932,-1.7415501
0.027705789,0.53667978,0.037282468,-0.45630648,-1.4040908,-0.75029515
0.87728989,1.4455685,2.8469542,1.7045775,-0.52011105,0.20695629
0.62293865,0.53598172,0.43081616,0.1470065,-0.38828892,-1.6626805
0.25280773,1.3730015,1.3331206,0.52883134,-1.3435615,-1.9050927
0.30758826,0.61264474,1.3131303,1.5342126,0.88832423,-0.67077833
1.0030818,0.68301551,0.097363595,-0.90505167,-1.6647078,-2.3955968
-1.2335314,-1.2955516,-0.43493406,0.60934317,1.3298544,0.65859933
-1.4819895,-0.77501101,-1.4448314,-1.3714655,0.71930933,0.54108184
0.81894591,0.84485761,-1.4443997,-1.2906732,1.3435827,-1.1904142
0.29646069,0.120105,-0.65330378,-1.4444733,-0.71170122,-0.72515257
2.2394869,1.6507374,1.7674243,0.41449942,0.10141535,-0.033004567
-0.53329752,-0.8015944,-0.849167,-0.45301701,-0.52379108,0.90944325
1.524142,1.6286115,1.3569575,-0.086997055,-0.15063099,0.66651667
1.3672602,1.1526597,-0.20802131,-0.92996735,-0.70229896,-0.46869902
0.72946815,0.76669136,1.9607142,0.51047595,0.42184129,-1.3248827
-0.52468506,0.10783635,-0.60525396,0.054016266,1.672362,1.3180956
0.48719766,-0.67591619,-1.673736,-1.6626746,-1.5450972,0.96071733
1.7195436,1.0832838,-0.86624826,-1.2912628,0.75733574,0.30122661
-0.39106914,-0.52126405,-1.005753,-1.5042743,1.4932209,1.1208569
-1.5872802,-0.84194998,-0.53367916,0.017731365,-0.16944068,0.36485366
-1.543161,-1.2118248,-0.95580351,0.6585613,-0.0066523863,0.63059554
0.1492594,0.29643533,-0.3124842,-1.2161806,1.6170247,-0.49064307
-1.0860648,-1.3899074,-0.61523233,-0.98469709,0.97718852,0.14418308
0.025587762,0.69362004,0.26776924,0.21639308,-1.0926268,-1.134304
1.0229777,1.1926054,-0.19034365,-1.181708,-1.6777673,-1.5776066
-0.084852169,-0.72506746,0.29028999,1.34589,0.77266325,1.4238356
0.92543868,1.0666047,-0.25494569,-0.72608989,-0.24617957,-1.6357356
0.86971903,0.45049317,-0.010953941,-0.065299594,1.2354998,-1.4837818
0.65502222,0.29294425,-0.59687476,-0.26477595,1.1545428,-0.88068401
0.018167325,-0.63421473,-1.6281757,-1.2641433,-1.2792551,1.2829939
1.6782421,1.2568504,-0.54083028,-0.8252476,0.64572196,0.51494289
1.3070541,0.99359643,1.5869869,0.68083848,0.1844692,-0.61998591
-0.6132606,-0.79155972,-0.33058067,1.7511679,-0.47307538,1.3566302
-0.67560003,-0.030171935,0.39985577,-0.29560773,1.725261,1.1164943
-0.51625154,0.2096695,-1.2437687,-1.4494438,1.7187903,0.97634918
-0.13891668,-1.0382181,-1.1045065,-0.81023568,-0.2989993,0.81184541
1.9857813,1.5574362,-0.1924736,-1.5374978,0.055468191,0.13031061
-0.076234962,0.21016204,0.9290135,0.331652,1.7195447,0.46556862
0.93443199,0.33393505,0.44571907,0.1413221,0.75613548,-1.437584
-0.57465664,-0.77399336,0.15634095,0.35994099,-0.30354408,0.88437843
-0.48938219,-1.275952,-0.76415664,-1.204016,-0.19520615,0.2848407
0.40780129,0.083488248,-0.21904743,-0.51535967,-0.78152933,-0.56341973
0.77406278,0.24310469,1.6301975,1.696711,-1.5548105,-1.0998966
-0.50637524,-0.20737508,1.1230772,1.3044207,1.3674979,1.6400437
1.7145082,1.5754919,3.0879966,1.6143964,1.4335127,2.0645061
-0.97367685,-0.98113798,-0.77690808,-0.34702884,1.2817554,0.84355787
-1.2096745,-0.82689154,-1.2049621,-1.2037741,0.71426209,0.84988655
0.28553933,0.73744347,0.37369252,-0.1379858,1.2413577,-1.2033614
-2.1143099,-1.6471082,-0.92097558,0.90047901,-1.2265889,0.10185409
1.6696006,1.2548372,1.484301,1.2161488,-0.12321408,0.82779775
1.4600891,1.5359595,0.21384952,-0.50979251,1.2169684,0.65455856
1.5112276,1.501584,0.65170544,0.10479129,-0.38944043,0.45252108
1.1692431,0.59883482,0.28295612,-0.10496605,1.7153448,-1.5224854
0.75796777,0.81761787,-1.3715927,-1.6699955,0.1939031,-1.3816772
-2.2515101,-1.5677997,-1.3894639,-1.0760962,-0.28663141,-0.23086675
0.48915707,-0.3162377,0.05388499,0.66351398,0.86576297,0.79093021
-1.4806135,-1.3652377,-1.284735,-0.20232093,1.3745739,0.62818773
1.0582527,0.9767079,-0.44768553,-1.5834757,1.5857789,-1.3156628
0.20476748,0.53784029,-0.98392817,-1.2019546,-1.3618704,-1.311257
-0.77480994,-0.45196549,-0.079736305,0.24584702,-0.62545082,0.87858237
-0.66390959,-0.24678696,-0.57121595,-0.1325823,0.14920666,1.2332743
1.2624846,0.40862579,0.13435515,0.30320246,-0.45605635,-1.7099467
-0.27903091,0.26492132,1.5295677,1.141664,-0.7264723,0.50522887
-0.11303478,0.17454541,1.0091707,1.1186412,1.6059583,0.90284141
-1.5617552,-1.3653242,-1.0140568,-0.4431283,1.5359543,0.20173222
0.75425566,0.43533119,-0.58280093,-1.5510294,1.1568541,-1.2862456
1.304477,1.1690642,-0.1890068,-0.78957115,0.27677468,-0.61801191
-1.2508985,-0.6179561,-0.92894188,-0.16726342,-0.42765286,0.64190764
1.7133836,1.1183087,-1.1847294,-1.6220086,-0.57569985,0.40275506
-0.091374923,0.66479698,1.4951087,1.6469318,0.62884695,0.1855037
-1.2835548,-0.73899202,-0.26369991,-0.14296019,1.4730642,0.62202088
1.2936387,1.1326748,-1.3525117,-1.4858037,1.5566465,-0.098180222
0.039068432,-0.48428734,-0.36504511,-1.2172428,0.099309214,0.35699171
0.45166091,0.80690476,0.85989707,0.56851123,1.100939,-1.3694172
0.70070776,0.4598374,0.90703148,-0.11332962,0.064117126,-1.6519888
0.30880385,1.2822415,1.292862,1.2274629,-0.12148676,-1.4055052
-0.41712648,-0.58867939,-0.1980594,0.35969158,0.66577345,0.95260666
-0.36772907,-0.58111288,0.40138246,0.65736426,-0.054979062,0.98409733
-0.43677332,0.43355418,1.3003256,1.3398385,1.010401,1.1192246
-0.41207608,-0.20470202,1.4070318,1.4753166,-0.098542534,1.1728112
-0.33371533,-0.039672497,-1.3873928,-1.788364,1.1875615,1.4206607
1.365765,1.49984,0.11056872,-0.40367303,-0.19208402,0.29762356
0.58490087,0.67799938,0.5406107,0.81012905,1.1731262,-0.94347318
0.9198096,1.5397013,1.1410336,0.36813694,1.5396942,-0.15480159
0.64336459,1.4590415,-1.0915683,-1.4549447,-1.403621,-1.4120387
-1.9634097,-1.7081785,-0.41430693,-0.72849864,0.22917856,-0.676537
-1.1386545,-1.4719328,-0.32413408,0.1026826,-0.98127419,-0.24414092
-1.2966128,-0.89216712,-1.4630756,-1.0294123,0.40845846,0.70086857
-0.12931581,-0.45186019,0.45643128,1.6472469,-0.42347312,1.2458565
2.0728736,1.5563305,0.77177666,0.1394395,0.29200192,0.5735983
-1.5195362,-1.6607939,-0.70831222,-1.0799736,-1.4364071,-0.6172098
0.60391025,-0.19577971,-0.13780092,-0.20355256,0.79996048,0.11477326
-1.3803686,-1.6968501,-1.020116,0.96602169,0.45315764,0.76315812
-0.17420487,0.099169394,0.88319345,1.2675101,-0.035467569,0.89680483
0.6168689,1.1541178,-0.16379807,-0.84200502,0.49532744,-1.6588335
-0.22618163,-0.37038154,0.79499519,0.71719966,-0.51858138,1.1384456
-2.0094134,-1.2945814,-0.31912702,0.75173741,-0.070367951,0.036995645
0.89606184,1.4604264,-0.15965831,-1.4616227,-1.4725944,-1.3977195
-0.588762,-1.4173802,0.041896749,1.2692462,0.099245621,0.41519961
-1.5475876,-1.402756,-1.0407493,0.89574359,1.5650964,0.91182895
1.5129008,1.58311,0.24372174,-0.7344251,0.77712665,0.50130841
-1.5221501,-1.0417345,0.20506599,1.060536,-1.0382653,0.044193488
-0.42200239,-1.0250373,-0.28130902,1.4685349,0.12508724,1.2910313
0.080902658,0.17693588,1.352372,1.1122492,-1.5855797,-0.036345536
1.3353842,0.94072784,-0.49339189,-1.177683,-0.041794932,-1.0840906
-0.4658793,0.23677408,-0.052439681,-0.59872933,0.18147691,0.42359833
-0.41748759,-0.94328386,-0.74972186,-0.24547182,-1.5533459,0.51766488
-1.0284415,-0.762214,-0.045184921,1.3386709,0.15031419,1.1988764
0.79155681,1.6022467,-0.62070173,-1.1499929,0.31737409,-0.62032356
1.2677169,0.7671653,-0.54965894,-0.74648519,-0.11741827,-1.4181273
-0.81587138,-1.1361207,-0.9552247,0.052044052,0.40000824,0.6464071
-0.43678464,-0.34812006,0.58831804,1.2252879,1.3126597,1.5566534
0.79010586,1.4586833,1.4763728,0.76509424,1.637754,-0.37161325
-0.4608242,-1.3804064,-1.3107622,0.31034243,-1.62879,0.49419386
0.9090154,0.89820335,0.24316309,-0.87759713,-1.5928727,-2.0745603
-0.28168165,-0.40603785,-0.70161997,-1.6411914,1.6142043,0.79667997
-1.8843963,-1.7084781,-0.19244728,-0.030374918,-0.18010956,-0.41196957
0.59789352,0.78337542,-0.88481122,-1.4141435,0.8831591,-1.6671647
0.83180389,0.58792493,0.93656949,1.3922356,-0.40132466,-1.4373283
-0.69711428,-0.58999243,-0.19165577,1.1599459,-0.92902798,1.1419842
1.387003,1.3134322,1.3148765,-0.39322262,-0.5568778,-0.14027054
-1.3902387,-1.5302829,-0.76028644,-1.2618839,0.72945713,-0.37165945
-0.84636095,0.072492161,-0.87032781,-1.1822197,1.5565184,1.2815675
-1.0169197,-1.203535,-0.77667291,-0.37819539,-0.71763595,0.20596728
-1.3019598,-1.0581356,0.50797803,1.6540046,1.1783982,0.65327152
-0.36786047,0.30754748,-1.1137431,-0.64478497,-0.40740092,0.72436844
-0.30433375,0.44918336,0.11607343,-0.17992892,-1.1136971,-0.1027805
0.24823056,0.1286831,0.55530712,0.44892557,-1.0928823,-0.43065803
0.52633347,1.4274561,2.6213758,1.627887,-1.1172907,-0.82395537
1.4939815,1.6740969,2.7946191,1.5534328,0.2398701,1.8182012
-0.47726675,-1.4854536,-1.0350681,1.5639304,-0.39397253,1.0800169
-0.046846305,0.16644483,1.881643,1.6326083,1.645425,1.1516149
0.73804893,0.4935353,1.2759791,1.6056725,0.63815354,-1.0944255
0.64980514,0.53982695,1.0596611,1.6235386,0.18614158,-0.98315555
0.10347613,-0.17664788,0.28269303,1.1031903,0.28319354,0.93166409
0.14239747,0.38314111,-1.3320663,-1.6271409,-0.63598414,-0.48500721
0.40525788,-0.5094005,-0.309097,-0.19395177,0.27965243,0.79522784
1.3331869,1.3989059,0.88221639,-0.49634302,-0.35806845,-0.090397002
0.19480965,-0.59337641,0.014453895,0.12604472,0.57580204,1.217705
1.2622371,1.1307475,1.1652967,0.87050526,-0.76009197,-0.64591998
-0.21511119,0.29745503,1.6228001,1.6427716,-0.84890133,0.67514321
-0.23882682,0.30196265,-0.034272787,-0.91707359,1.2855114,0.24662327
0.90119654,1.5682496,1.820807,1.24462,0.19391572,-0.10750787
0.29840482,0.85916739,-0.26993122,-1.0224351,-0.75409442,-1.8835857
0.48772114,0.66219579,1.6596526,1.3515162,-1.5565774,-1.3829394
0.82175514,0.95559112,-1.7812972,-1.7317833,-1.0082321,-1.5848272
-0.93496034,-1.5443335,-0.30981226,0.65426461,1.0295817,0.20566614
-0.22136536,-0.022942399,0.84177596,1.1565949,1.4436419,1.3318057
-1.1794251,-0.42575255,-0.79311693,-1.0682686,0.30258483,0.56687033
1.2786371,1.6413955,-0.14328841,-1.1627074,1.206841,0.69230113
-1.114511,-1.177397,-0.43450623,-0.98846455,-0.0021107966,-0.14307325
-0.1127492,0.39045085,-0.97028775,-1.5081012,-0.40781844,-0.3662138
0.67897394,0.58003032,1.4813515,1.2618874,0.44872857,-1.0991968
-0.22228288,-0.28468644,0.49570403,1.5195887,1.259422,1.26469
-1.2754576,-0.96153674,-1.171291,-1.4341279,-0.30181635,0.19061898
-0.040815114,0.67567265,-0.37963502,-0.19857153,-1.0692218,-0.73814293
0.2486433,-0.29946738,0.1655545,-0.18951952,-1.4204975,0.22111876
0.41466666,0.44024381,-1.0544537,-1.6678942,1.6278047,-0.79644646
-0.43891723,-0.19126302,-0.50529971,-0.89429019,1.527291,1.0814864
0.38844893,0.28690921,0.66271571,0.37900808,-1.0627315,-1.0621566
1.4510158,1.2291913,0.33162743,-0.19327676,-0.90066122,0.038088275
-0.23032268,-0.89799345,0.5533888,1.0848389,1.3845013,1.11024
0.6033886,1.457444,0.034346041,-0.89475314,1.4146152,-1.2786977
-0.69417007,-1.0117328,-0.40288598,1.6837551,0.87838584,1.3893925
-1.3205441,-1.6551205,-1.3743469,-1.1068349,1.3119876,0.22422423
-0.56986527,0.10635571,-1.3127152,-1.0892511,-1.3228292,0.80519138
-0.60549846,-0.68639042,-1.580115,-1.3408931,-0.85088274,0.84766067
1.5728472,1.2740488,0.37922712,-0.13735175,1.5957518,0.57468579
-0.11815094,-0.69377951,-1.5115485,-1.0020736,-1.1455889,1.1167305
-1.2920451,-1.5087883,-0.31272832,-1.0997419,-1.2375615,-0.9510951
-0.088513288,0.69075117,-1.0034957,-1.0519005,-0.1920197,-0.4279211
0.66658315,0.56875427,0.83235672,0.27010749,-1.3933175,-1.8096992
0.31406942,0.77269107,0.12398619,-0.39913816,0.1957629,-1.5686181
-0.84590585,-0.41036587,0.093308897,0.91662456,1.4356493,1.3865361
1.2511186,0.82585532,0.68870836,-0.04898531,-1.5380345,-1.944339
0.46329784,0.53205997,-0.39042396,-0.68418594,0.22595516,-1.1580875
-1.1195031,-1.026188,-0.28307788,0.66218207,0.4054606,0.42855827
1.0279462,0.87424868,1.2795051,1.273141,0.56030181,-1.177858
0.50256796,1.0618619,-0.045314671,-0.95981632,0.4846684,-1.9590772
